{
  "assetsByChunkName": {
    "vendors~app-account~app-confirmation~app-order": "chunk.5bc9889136869e5762af.js",
    "vendors~app-account~app-checkout": "chunk.580b0f979b32dff18271.js",
    "vendors~app-cart~app-checkout": "chunk.f3b2974cfcd24abf76e4.js",
    "admin": [
      "admin.06462ecf3b86f8c67f40.js",
      "admin.06462ecf3b86f8c67f40.js.map"
    ],
    "app-account": "chunk.79d48aa539cbcb7390f1.js",
    "app-cart": "chunk.f9b03edb94dc90dca728.js",
    "app-checkout": "chunk.3fe8941795c8df8c161f.js",
    "app-confirmation": "chunk.c107b1db7d56d05f6f11.js",
    "checkout": [
      "checkout.adf9a1f6746382b36162.js",
      "checkout.adf9a1f6746382b36162.js.map"
    ],
    "storefront": [
      "storefront.49058f501eed4acb22a2.css",
      "storefront.4d286390267ccd38bf75.js",
      "storefront.49058f501eed4acb22a2.css.map",
      "storefront.4d286390267ccd38bf75.js.map"
    ],
    "vendors~app-cart": "chunk.88d3b1f37fa46e0f3323.js",
    "vendors~app-order": "chunk.d214554cf509d25164e9.js"
  }
}