{
  "list": [
    {
      "title": "Fulano",
      "text": "In massa nisl, sollicitudin in scelerisque nec, vestibulum ut tortor. Pellentesque eu gravida orci, quis mollis eros. Nullam eu est bibendum, imperdiet urna et, vehicula neque. Nulla eget eros dignissim, egestas tortor eget, blandit enim. Ut pharetra eros est, sit amet semper odio volutpat ac. Curabitur blandit nunc vitae auctor accumsan. Nulla quis faucibus odio. Proin sodales est a mi consequat pellentesque. In hac habitasse platea dictumst. Quisque rutrum erat ut eros semper, sit amet gravida ligula volutpat. Nulla facilisi.",
      "icon": "/img/uploads/b26d3ce44cbe606296a58dd364554a5c.jpg"
    },
    {
      "title": "Ciclano",
      "text": "Pellentesque rutrum ex elementum elit efficitur faucibus. Suspendisse sed ex metus. Donec sollicitudin cursus turpis et aliquam. Maecenas hendrerit nulla ut sapien euismod facilisis. Nulla eget diam sed nisl imperdiet aliquam. Nulla sit amet ligula vitae diam euismod rutrum sit amet id diam. "
    },
    {
      "title": "Beltrano",
      "text": "Praesent pulvinar, orci sed facilisis pellentesque, turpis ipsum posuere lectus, ut convallis enim dui pulvinar dolor. Sed enim velit, sodales et cursus a, faucibus at metus. Nulla quis faucibus massa. Quisque nec neque non ipsum vestibulum fermentum in nec ex. Nunc congue facilisis blandit. Donec ac orci et augue bibendum elementum eget ac mi. "
    }
  ],
  "quantity": "3",
  "container": "Caixa"
}