{
  "marketing_stripe": {
    "text": "Frete Grátis para compras acima de R$800,00",
    "link": "/promotion"
  },
  "contacts_stripe": {
    "pages": [
      
    ],
    "phone_wpp": false,
    "socials": false
  },
  "categories_list": {
    "featured": [],
    "random": 6,
    "full_width": false
  },
  "centralized_logo": false,
  "desktop_megamenu": true,
  "search_input": true,
  "alphabetical_order_submenu": true,
  "full_width_submenu": true,
  "menu_all_departments": false,
  "name_all_departments": ""
}