{
  "meta_title": "",
  "meta_description": "",
  "sections": [
    {
      "type": "banner-slider",
      "autoplay": 3000,
      "full_width": true,
      "slides": [
        {
          "img": "/img/uploads/fb1.jpg",
          "link": "",
          "alt": "",
          "start": "",
          "end": "",
          "mobile_img": ""
        },
        {
          "start": "",
          "end": "",
          "img": "/img/uploads/fb2.jpg",
          "alt": "",
          "mobile_img": ""
        }
      ]
    },
    {
      "type": "apx_banners-stripe",
      "animation": true,
      "list": [
        {
          "img": "/img/uploads/group-5220-5-.svg",
          "title": "Pague Parcelado",
          "description": "em até 12x sem juros"
        },
        {
          "img": "/img/uploads/group-5222-5-.svg",
          "title": "Frete Grátis",
          "description": "em pedidos acima de R$ 800"
        },
        {
          "img": "/img/uploads/group-5239-1-.svg",
          "title": "10% de desconto",
          "description": "pagando via Pix"
        },
        {
          "img": "/img/uploads/icotroca.svg",
          "title": "Troca facilitada",
          "description": "em até 30 dias"
        }
      ],
      "title_color": "#131313",
      "description_color": "#4f4f4f"
    },
    {
      "type": "collection-shelf",
      "shuffle": true,
      "collection_id": "662a76364e9909015f20fe3c:categories:Brincos:/brincos",
      "sort": "offers",
      "title": "Mais Vendidos",
      "headless": false,
      "limit": 12,
      "page": 1
    },
    {
      "type": "banners-grid",
      "banners": [
        {
          "img": "/img/uploads/bn_colares.png",
          "link": "https://ouroinfantil.netlify.app/colares"
        },
        {
          "img": "/img/uploads/bn_meu-primeiro-brinco.png",
          "link": "https://ouroinfantil.netlify.app/nascimento"
        },
        {
          "img": "/img/uploads/bn_brincos.png",
          "link": "https://ouroinfantil.netlify.app/brincos"
        }
      ]
    },
    {
      "type": "collection-shelf",
      "shuffle": true,
      "collection_id": "",
      "sort": "offers",
      "title": "Lançamentos",
      "headless": false,
      "limit": 12,
      "page": 1
    },
    {
      "type": "apx_testimonials",
      "title": "O que dizem nossos clientes",
      "description": "Opiniões reais de quem comprou com a gente",
      "testimonials": [
        {
          "testimonial": {
            "name": " Laura G. - Londrina (PR)",
            "text": "O brinco de flor Rose com bolinha dourada é lindo demais, muito delicado, o pedido chegou no tempo correto e não tive problemas algum com a empresa. Vou comprar outras vezes."
          }
        },
        {
          "testimonial": {
            "name": " Pamela S. - Sao Paulo (SP)",
            "text": "Site confiável e produto de ótima qualidade O brinco chegou rapidinho, numa embalagem linda, cheirosa , além do produto ser realmente o que está escrito no site, parabéns"
          }
        },
        {
          "testimonial": {
            "name": "Sueli M. - Ribas do Rio Pardo (MS)",
            "text": "Produto maravilhoso Adorei, chegou antes do prazo, um produto maravilhoso bem embalado, super recomendo."
          }
        },
        {
          "testimonial": {
            "name": " Ivana - Ponta Grossa (PR)",
            "text": "Excelente!!! Perfeito o par de argolinhas que comprei para minha bebê de 2 anos, ficou lindo! Recomendo!"
          }
        },
        {
          "testimonial": {
            "name": "Clara - Taubaté (SP)",
            "text": "Argola perfeita amei a argola, tiraram todas as minha dúvidas e ficou perfeito como eu queria, argola para a vida toda, vale muito"
          }
        },
        {
          "testimonial": {
            "name": "Stéphanie B. - Campos (RJ)",
            "text": "Superou minhas expectativas! Simplesmente apaixonada! Minha florzinha vai completar um aninho e eu comprei pra ela usar no aniversário! Estou maravilhada com a peça! Ainda mais linda e encantadora pessoalmente! Chegou super rápido e bem embalado!"
          }
        }
      ]
    },
    {
      "type": "apx_faq",
      "title": "Perguntas Frequentes",
      "description": "O que normalmente querem saber sobre a gente",
      "list": "description_last",
      "questions": [
        {
          "question": {
            "title": "Como saber se estou comprando uma joia autêntica em ouro 18k?",
            "response": "Todas as nossas joias são confeccionadas em ouro 18k legítimo, com certificado de autenticidade que acompanha sua compra. Trabalhamos exclusivamente com fornecedores certificados e cada peça passa por um rigoroso controle de qualidade. Além disso, o ouro 18k tem uma tonalidade característica e não escurece com o tempo. Ao comprar conosco, você tem a certeza de estar adquirindo uma joia verdadeira, segura e ideal para o público infantil."
          }
        },
        {
          "question": {
            "title": "A Ouro Infantil Joias oferece garantia nos produtos?",
            "response": "Sim. Todas as nossas joias acompanham certificado de garantia vitalícia do ouro 18k — que comprova a autenticidade e pureza do metal. Além disso, oferecemos uma garantia de 90 dias contra defeitos de fabricação, conforme previsto pelo Código de Defesa do Consumidor.  É importante lembrar que danos causados por mau uso, como puxões excessivos ou impactos, não estão cobertos pela garantia. Mas estamos sempre à disposição para avaliar cada caso com carinho e transparência."
          }
        },
        {
          "question": {
            "title": "A Ouro Infantil Joias possui uma Política de devolução e trocas?",
            "response": "Sim. Queremos que você se sinta segura(o) com a sua compra. Por isso, seguimos o que determina o Código de Defesa do Consumidor e oferecemos a opção de troca ou devolução em até 7 dias corridos após o recebimento do pedido, no caso de compras feitas pelo site.  A peça deve estar sem sinais de uso, na embalagem original e com o certificado que acompanha o produto. Se houver algum defeito de fabricação, você também poderá solicitar a troca no prazo de 90 dias.  Nossa equipe de atendimento está sempre pronta para orientar e acompanhar todo o processo com atenção e cuidado."
          }
        },
        {
          "question": {
            "title": "A Ouro Infantil orienta sobre os cuidados com as joias?",
            "response": "Sim. Temos um compromisso com a qualidade das nossas joias e com a experiência das famílias que confiam em nós. Por isso, orientamos nossos clientes sobre os cuidados ideais com limpeza, uso e armazenamento das peças.  Junto com sua compra, você recebe dicas práticas para conservar a joia sempre linda e segura — especialmente no uso infantil. Também estamos disponíveis para tirar dúvidas e oferecer orientações personalizadas sempre que precisar."
          }
        },
        {
          "question": {
            "title": "Comprar na Ouro Infantil é seguro? Posso confiar na Ouro Infantil?",
            "response": "Sim, comprar na Ouro Infantil é totalmente seguro. Trabalhamos com processos transparentes e confiáveis para garantir a melhor experiência para você e sua família.  Todas as nossas joias são 100% autênticas, acompanhadas de certificado de autenticidade e garantia. Nosso site utiliza tecnologia de segurança avançada para proteger seus dados pessoais e financeiros durante a compra.  Além disso, contamos com uma equipe dedicada ao atendimento ao cliente, pronta para esclarecer dúvidas e oferecer suporte em todas as etapas da compra. Nossa prioridade é sua satisfação e confiança."
          }
        }
      ]
    },
    {
      "type": "apx_newsletter",
      "title": "Assine nossa newsletter",
      "description": "e receba novidades e promoções em primeira mão",
      "list": "description_last",
      "btn_text": "Assinar!",
      "input_placeholder": "Digite seu email..."
    },
    {
      "type": "collection-shelf",
      "shuffle": true,
      "limit": 12,
      "page": 1,
      "collection_id": "662e281dee85900185eee033:categories:Nascimento:/nascimento",
      "sort": "views"
    }
  ]
}